69,Moulmein Rd,300069,01 Jul 1972
10,Gloucester Rd,210010,01 Nov 1976
44,Owen Rd,210044,01 Jun 1979
46,Owen Rd,210046,01 Nov 1982
41,Cambridge Rd,210041,01 Jun 1982
42,Cambridge Rd,210042,01 Jun 1982
43,Cambridge Rd,210043,01 Jun 1982
50,Dorset Rd,210050,01 Jun 1979
51,Kent Rd,210051,01 May 1982
52,Kent Rd,210052,01 May 1982
54,Kent Rd,210054,01 Jun 1982
48,Dorset Rd,210048,01 Jul 1976
681,Race Course Rd,210681,01 Dec 1986
682,Race Course Rd,210682,01 May 1986
683,Tessensohn Rd,210683,01 Dec 1986
684,Race Course Rd,210684,01 Jan 1986
685,Race Course Rd,210685,01 Jan 1986
122,Mcnair Rd,320122,01 Apr 1987
9,Gloucester Rd,210009,01 Nov 1976
48A,Dorset Rd,211048,01 Jul 1976
49,Dorset Rd,210049,01 Jun 1979
53,Kent Rd,210053,01 May 1982
119,Mcnair Rd,320119,01 Sep 1987
120,Mcnair Rd,320120,01 Apr 1987
121,Mcnair Rd,320121,01 Jun 1987
123,Mcnair Rd,320123,01 Apr 1987
124,Mcnair Rd,320124,01 Jun 1987
37,Cambridge Rd,210037,01 Nov 1997
38,Cambridge Rd,210038,01 Nov 1997
39,Cambridge Rd,210039,01 Nov 1997
40,Cambridge Rd,210040,01 Aug 1997
11,Farrer Pk Rd,210011,01 Jun 2004
12,Farrer Pk Rd,210012,01 Jun 2004
108B,Mcnair Rd,323108,01 Nov 2004
108C,Mcnair Rd,324108,01 Jan 2005
23,Bendemeer Rd,330023,01 Jan 1972
24,Bendemeer Rd,330024,01 Jan 1972
30,Bendemeer Rd,330030,01 Jan 1972
26,Bendemeer Rd,330026,01 Jan 1972
28,Bendemeer Rd,330028,01 Jan 1972
34,Whampoa West,330034,01 Jan 1972
11,Upp Boon Keng Rd,380011,01 Jan 1974
65,Kallang Bahru,330065,01 Jan 1981
12,Upp Boon Keng Rd,380012,01 Oct 1980
13,Upp Boon Keng Rd,380013,01 Jun 1999
14,Upp Boon Keng Rd,380014,01 May 1999
16,Upp Boon Keng Rd,380016,01 Feb 1975
41,Sims Dr,380041,01 Mar 1981
38,Upp Boon Keng Rd,380038,01 Aug 1976
101,Towner Rd,322101,01 May 1983
104,Towner Rd,322104,01 May 1983
39,Upp Boon Keng Rd,380039,01 Aug 1976
107,Towner Rd,321107,01 May 1983
22,Boon Keng Rd,330022,01 Jan 1974
15,Upp Boon Keng Rd,380015,01 Feb 1975
111,Lor 3 Geylang,381111,01 May 1989
112,Lor 3 Geylang,381112,01 Jun 1989
113,Lor 3 Geylang,381113,01 Jul 1989
42,Sims Dr,380042,01 Apr 1990
42A,Sims Dr,381042,01 Oct 1989
4,Boon Keng Rd,330004,01 Sep 1996
5,Boon Keng Rd,330005,01 Sep 1996
6,Boon Keng Rd,330006,01 Nov 1996
14A,Upp Boon Keng Rd,381014,01 Jun 1999
2A,Upp Boon Keng Rd,381002,01 Dec 2006
2B,Upp Boon Keng Rd,382002,01 Oct 2006
2C,Upp Boon Keng Rd,383002,01 Oct 2006
2D,Upp Boon Keng Rd,384002,01 Aug 2006
3A,Upp Boon Keng Rd,381003,01 Oct 2006
3B,Upp Boon Keng Rd,382003,01 Aug 2006
3C,Upp Boon Keng Rd,383003,01 Aug 2006
3D,Upp Boon Keng Rd,384003,01 Aug 2006
5A,Upp Boon Keng Rd,381005,01 May 2012
38A,Bendemeer Rd,331038,01 May 2012
39A,Bendemeer Rd,331039,01 May 2012
7,Boon Keng Rd,330007,11 Jan 2011
8,Boon Keng Rd,330008,11 Jan 2011
9,Boon Keng Rd,330009,11 Jan 2011
44,Sims Dr,380044,01 Aug 1975
54,Sims Dr,380054,01 Jan 1977
45,Sims Dr,380045,01 Apr 1977
53,Sims Pl,380053,01 Jan 1981
50,Sims Dr,380050,01 Feb 1977
52,Sims Pl,380052,01 Feb 1977
106,Aljunied Cres,380106,01 Jan 1979
122,Geylang East Ctrl,380122,01 May 1982
123,Geylang East Ctrl,380123,01 May 1982
119,Aljunied Ave 2,380119,01 Mar 1999
62,Sims Dr,380062,01 Nov 1979
124,Geylang East Ave 1,380124,01 Nov 1983
125,Geylang East Ave 1,381125,01 Mar 1984
128,Geylang East Ave 1,380128,01 Aug 1983
129,Geylang East Ave 2,380129,01 Jun 1986
134,Geylang East Ave 1,380134,01 Nov 1986
51,Sims Dr,380051,01 Feb 1977
104,Aljunied Cres,380104,01 Jan 1978
105,Aljunied Cres,380105,01 Jan 1979
110,Aljunied Cres,380110,01 Aug 1980
120,Geylang East Ctrl,380120,01 May 1982
107,Aljunied Cres,380107,01 Apr 1981
108,Aljunied Cres,380108,01 Apr 1981
109,Aljunied Cres,380109,01 Jan 1986
126,Geylang East Ave 1,381126,01 Dec 1983
127,Geylang East Ave 1,380127,01 Aug 1983
130,Geylang East Ave 1,380130,01 May 1987
131,Geylang East Ave 1,380131,01 May 1987
132,Geylang East Ave 1,380132,01 Apr 1987
133,Geylang East Ave 1,380133,01 May 1987
40,Sims Dr,380040,01 Jun 1990
43,Sims Dr,380043,01 Apr 1990
43A,Sims Dr,381043,01 Oct 1989
6,Haig Rd,430006,01 Jul 1976
7,Haig Rd,430007,01 Jul 1976
9,Haig Rd,430009,01 Jul 1976
10,Haig Rd,430010,01 Jul 1976
12,Haig Rd,430012,01 Oct 1977
5,Haig Rd,430005,01 Jul 1976
410,Eunos Rd 5,400410,01 Oct 1984
414,Eunos Rd 5,400414,01 Oct 1984
415,Eunos Rd 5,400415,01 Oct 1984
416,Eunos Rd 5,400416,01 Oct 1984
844,Sims Ave,400844,01 Sep 1985
848,Sims Ave,400848,01 Aug 1985
4,Haig Rd,430004,01 Jul 1976
2,Haig Rd,430002,01 Jul 1976
8,Haig Rd,430008,01 Jul 1976
11,Haig Rd,430011,01 Jul 1976
21,Haig Rd,430021,01 Nov 1981
22,Haig Rd,430022,01 Nov 1981
23,Haig Rd,430023,01 Jul 1981
411,Eunos Rd 5,400411,01 Oct 1984
417,Eunos Rd 5,400417,01 Oct 1984
3,Joo Chiat Rd,420003,01 Dec 1985
4,Joo Chiat Rd,420004,01 Dec 1985
842,Sims Ave,400842,01 Oct 1985
846,Sims Ave,400846,01 Sep 1985
412,Eunos Rd 5,400412,19 Aug 1992
413,Eunos Rd 5,400413,19 Aug 1992
32,Eunos Cres,400032,01 Jan 2007
33,Eunos Cres,400033,01 Jan 2007
2A,Geylang Serai,403002,01 Dec 2011
2B,Geylang Serai,404002,01 Dec 2011
2C,Geylang Serai,405002,01 Dec 2011
2D,Geylang Serai,406002,01 Dec 2011
3A,Geylang Serai,402003,01 Dec 2011
2,East Coast Rd,450002,01 Jun 1970
19,Bedok Sth Rd,460019,01 Jan 1976
20,Bedok Sth Rd,460020,01 Jan 1976
21,Bedok Sth Rd,460021,01 Jan 1976
69,Bedok Sth Ave 3,460069,01 Feb 1978
70,Bedok Sth Rd,460070,01 Jan 1978
159,Bedok Sth Ave 3,460159,01 Mar 1985
163,Bedok Sth Rd,460163,01 May 1985
165,Bedok Sth Rd,460165,01 Feb 1985
158,Bedok Sth Ave 3,460158,01 Oct 1985
168,Bedok Sth Ave 3,460168,01 Jan 1986
66,Bedok Sth Ave 3,460066,01 Oct 1977
67,Bedok Sth Ave 3,460067,01 Oct 1977
68,Bedok Sth Ave 3,460068,01 Oct 1977
157,Bedok Sth Ave 3,460157,01 Apr 1985
166,Bedok Sth Ave 3,460166,01 Mar 1985
155,Bedok Sth Ave 3,460155,01 Jul 1985
156,Bedok Sth Ave 3,460156,01 Dec 1985
160,Bedok Sth Ave 3,460160,01 May 1986
161,Bedok Sth Ave 3,460161,01 Oct 1985
162,Bedok Sth Rd,460162,01 Sep 1985
164,Bedok Sth Rd,460164,01 Feb 1986
167,Bedok Sth Ave 3,460167,01 Apr 1986
152,Yung Ho Rd,610152,01 Aug 1990
153,Yung Ho Rd,610153,01 Aug 1990
154,Yung Ho Rd,610154,01 Apr 1991
151,Yung Ho Rd,610151,01 Oct 1990
155,Yung Loh Rd,610155,01 Jan 1996
156,Yung Loh Rd,610156,01 Feb 1996
157,Yung Loh Rd,610157,01 Feb 1996
24,Teban Gdns Rd,600024,01 Jul 1993
25,Teban Gdns Rd,600025,01 Jul 1993
37,Teban Gdns Rd,600037,01 Oct 1966
38,Teban Gdns Rd,600038,01 Oct 1966
39,Teban Gdns Rd,600039,01 Oct 1966
32,Teban Gdns Rd,600032,01 Jul 1981
41,Teban Gdns Rd,600041,01 Jul 1981
49,Teban Gdns Rd,600049,01 Oct 1986
54,Teban Gdns Rd,600054,01 Sep 1986
43,Teban Gdns Rd,600043,01 Sep 1985
30,Teban Gdns Rd,600030,01 Jul 1981
31,Teban Gdns Rd,600031,01 Jul 1981
40,Teban Gdns Rd,600040,01 Apr 1978
44,Teban Gdns Rd,600044,01 Nov 1985
48,Teban Gdns Rd,600048,01 Nov 1985
50,Teban Gdns Rd,600050,01 Jul 1986
51,Teban Gdns Rd,600051,01 Jul 1986
52,Teban Gdns Rd,600052,01 Mar 1987
53,Teban Gdns Rd,600053,01 Dec 1986
60,Teban Gdns Rd,600060,01 Aug 2003
62,Teban Gdns Rd,600062,01 Jun 2003
63,Teban Gdns Rd,600063,01 Jun 2003
64,Teban Gdns Rd,600064,01 Jun 2003
65,Teban Gdns Rd,600065,01 Jun 2003
415,Pandan Gdns,600415,01 Apr 1982
416,Pandan Gdns,600416,01 Apr 1982
401,Pandan Gdns,600401,01 Oct 1979
402,Pandan Gdns,600402,01 Nov 1978
403,Pandan Gdns,600403,01 Apr 1979
307,Clementi Ave 4,120307,01 Nov 1979
308,Clementi Ave 4,120308,01 Jan 1980
306,Clementi Ave 4,120306,01 Apr 1979
113,Clementi St 13,120113,01 Oct 1984
118,Clementi St 13,120118,01 Oct 1984
202,Clementi Ave 6,120202,01 Jan 1985
204,Clementi Ave 6,120204,01 Dec 1984
205,Clementi Ave 6,120205,01 Nov 1984
105,Clementi St 12,120105,01 Dec 1984
109,Clementi St 11,120109,01 Dec 1984
309,Clementi Ave 4,120309,01 Jan 1980
310,Clementi Ave 4,120310,01 Jan 1980
301,Clementi Ave 4,120301,01 Mar 1979
302,Clementi Ave 4,120302,01 Mar 1979
303,Clementi Ave 4,120303,01 Mar 1979
304,Clementi Ave 4,120304,01 Mar 1979
305,Clementi Ave 4,120305,01 Mar 1979
371,Clementi Ave 4,120371,01 Sep 1981
110,Clementi St 13,120110,01 Mar 1984
111,Clementi St 13,120111,01 Jan 1985
115,Clementi St 13,120115,01 Feb 1985
116,Clementi St 13,120116,01 Jul 1984
101,Clementi St 14,120101,01 Nov 1984
102,Clementi St 14,120102,01 Sep 1984
103,Clementi St 14,120103,01 Dec 1984
104,Clementi St 14,120104,01 Jul 1984
112,Clementi St 13,120112,01 Aug 1984
114,Clementi St 13,120114,01 Oct 1984
117,Clementi St 13,120117,01 Oct 1984
203,Clementi Ave 6,120203,01 Dec 1984
206,Clementi Ave 6,120206,01 Feb 1985
76,Lor Limau,320076,01 Jul 1973
74,Whampoa Dr,320074,01 Jun 1981
75,Whampoa Dr,320075,01 Jan 1974
83,Whampoa Dr,320083,01 Jan 1974
84,Whampoa Dr,320084,01 Jan 1974
94,Whampoa Dr,320094,01 Jan 1974
95,Whampoa Dr,320095,01 Jan 1974
96,Whampoa Dr,320096,01 Jan 1974
82,Whampoa Dr,320082,01 Jul 1974
86,Whampoa Dr,320086,01 Jul 1974
93,Whampoa Dr,320093,01 Mar 1974
97,Whampoa Dr,320097,01 Jul 1980
99,Whampoa Dr,320099,01 Mar 1974
100,Whampoa Dr,320100,01 Mar 1974
101,Whampoa Dr,323101,01 Mar 1974
16,Jln Tenteram,321016,01 Sep 2002
103,Ah Hood Rd,320103,01 Aug 1981
7,St. George's Lane,320007,01 May 1986
104,Jln Rajah,321104,01 Jan 1984
105,Jln Rajah,320105,01 Jul 1984
107,Jln Rajah,320107,01 Jul 1984
106,Jln Dusun,320106,01 Jun 1981
108,Mcnair Rd,321108,01 Jul 1987
111,Mcnair Rd,320111,01 Apr 1987
112,Mcnair Rd,320112,01 Apr 1987
102,Jln Rajah,321102,01 Feb 1981
101,Jln Rajah,321101,01 Dec 1980
101,Ah Hood Rd,320101,01 Sep 1981
102,Jln Dusun,320102,01 Dec 1981
104,Jln Dusun,320104,01 Jun 1981
5,St. George's Lane,320005,01 Jun 1981
6,St. George's Lane,320006,01 Jun 1981
103,Jln Rajah,321103,01 Apr 1984
106,Jln Rajah,321106,01 Sep 1984
108,Jln Rajah,320108,01 Dec 1984
27,Jln Bahagia,320027,01 Jun 1970
28,Jln Bahagia,320028,01 Jan 1971
32,Jln Bahagia,320032,01 Jan 1971
33,Jln Bahagia,320033,01 Jun 1970
34,Jln Bahagia,320034,01 Jun 1970
35,Jln Bahagia,320035,01 Jan 1971
38,Jln Bahagia,320038,01 Jul 1972
39,Jln Bahagia,320039,01 Jul 1972
40,Jln Bahagia,320040,01 Jul 1972
41,Jln Bahagia,320041,01 Jul 1972
42,Jln Bahagia,320042,01 Jul 1972
43,Jln Bahagia,320043,01 Jul 1972
44,Jln Bahagia,320044,01 Jul 1972
45,Jln Bahagia,320045,01 Jul 1972
46,Jln Bahagia,320046,01 Jul 1972
47,Jln Bahagia,320047,01 Jul 1972
48,Jln Bahagia,320048,01 Jul 1972
49,Jln Bahagia,320049,01 Jul 1972
50,Jln Bahagia,320050,01 Jul 1972
51,Jln Bahagia,320051,01 Jul 1972
52,Jln Bahagia,320052,01 Jul 1972
53,Jln Ma'mor,320053,01 Jul 1972
54,Jln Ma'mor,320054,01 Jul 1972
55,Jln Bahagia,320055,01 Jul 1972
56,Jln Ma'mor,320056,01 Jul 1972
57,Jln Ma'mor,320057,01 Jul 1972
58,Jln Ma'mor,320058,01 Jul 1972
59,Jln Ma'mor,320059,01 Jul 1972
60,Jln Bahagia,320060,01 Jul 1972
61,Jln Tenteram,320061,01 Jul 1972
62,Jln Ma'mor,320062,01 Jul 1972
63,Jln Ma'mor,320063,01 Jul 1972
64,Jln Ma'mor,320064,01 Jul 1972
65,Jln Ma'mor,320065,01 Jul 1972
77,Lor Limau,320077,01 Jul 1973
85,Whampoa Dr,320085,01 Jan 1974
98,Whampoa Dr,320098,01 Mar 1974
109,Mcnair Rd,320109,01 Sep 1987
110,Mcnair Rd,320110,01 Dec 1987
29,Jln Bahagia,320029,01 Oct 1987
30,Jln Bahagia,320030,01 Aug 1987
112,Whampoa Rd,321112,01 Nov 1994
113,Whampoa Rd,320113,01 Nov 1994
114,Whampoa Rd,320114,01 Aug 1995
115,Whampoa Rd,320115,01 Jan 1994
109,Whampoa Rd,321109,01 Nov 1997
110,Whampoa Rd,321110,01 Nov 1997
111,Whampoa Rd,321111,01 Nov 1997
104,Whampoa Dr,323104,01 Oct 1998
43,Bendemeer Rd,330043,01 Jan 1981
44,Bendemeer Rd,330044,01 Jan 1981
45,Bendemeer Rd,330045,01 Jan 1972
17,Jln Tenteram,321017,01 Nov 2001
58,Geylang Bahru,330058,01 May 2000
60,Geylang Bahru,330060,01 Jan 1999
63,Kallang Bahru,330063,01 Jan 1974
64,Kallang Bahru,330064,01 Jan 1974
54,Geylang Bahru,330054,01 Jul 1974
56,Geylang Bahru,330056,01 Jul 1974
57,Geylang Bahru,330057,01 Jul 1974
68,Geylang Bahru,330068,01 Jul 1974
66,Kallang Bahru,330066,01 Jul 1974
67,Kallang Bahru,330067,01 Jul 1974
47,Bendemeer Rd,330047,01 Oct 1974
48,Bendemeer Rd,330048,01 Dec 1994
1,St. George's Rd,320001,01 May 1976
2,St. George's Rd,322002,01 May 1976
3,St. George's Rd,320003,01 May 1976
72,Geylang Bahru,330072,01 Mar 1974
96,Geylang Bahru,330096,01 Jan 1979
102,Towner Rd,322102,01 Jan 1984
14,St. George's Rd,320014,01 Oct 1984
21,St. George's Rd,321021,01 Dec 1984
9,St. George's Rd,320009,01 Apr 1985
13,St. George's Rd,320013,01 May 1985
93,Geylang Bahru,330093,01 Jan 1979
94,Geylang Bahru,330094,01 Jan 1979
95,Geylang Bahru,330095,01 Jan 1979
97,Geylang Bahru,330097,01 Jan 1979
8,St. George's Lane,320008,01 Apr 1982
103,Towner Rd,322103,01 Dec 1983
105,Towner Rd,321105,01 Dec 1984
106,Towner Rd,322106,01 Jun 1983
15,St. George's Rd,320015,01 Jan 1985
16,St. George's Rd,320016,01 Sep 1984
17,St. George's Rd,320017,01 Sep 1984
22,St. George's Rd,321022,01 Oct 1984
18,St. George's Rd,320018,01 Dec 1984
19,St. George's Rd,320019,01 Nov 1984
20,St. George's Rd,321020,01 Oct 1984
23,St. George's Rd,320023,01 Aug 1984
73,Geylang Bahru,330073,01 Mar 1974
53,Geylang Bahru,330053,01 Jul 1974
55,Geylang Bahru,330055,01 Jul 1974
49,Whampoa Sth,330049,01 Oct 1974
10,St. George's Rd,320010,01 Jan 1985
11,St. George's Rd,320011,01 Mar 1985
12,St. George's Rd,320012,01 Apr 1985
46,Bendemeer Rd,330046,01 Dec 1994
4B,St. George's Lane,321004,01 Dec 1996
4C,St. George's Lane,322004,01 Dec 1996
59A,Geylang Bahru,330059,01 Dec 1998
59B,Geylang Bahru,331059,01 Dec 1998
59C,Geylang Bahru,332059,01 Dec 1998
18,Jln Tenteram,321018,01 Jul 2004
19,Jln Tenteram,321019,01 Jul 2004
38B,Bendemeer Rd,332038,01 May 2012
38C,Bendemeer Rd,333038,01 May 2012
38D,Bendemeer Rd,334038,01 May 2012
41,Circuit Rd,370041,01 Jun 1996
42,Circuit Rd,370042,01 Jun 1996
64,Circuit Rd,370064,01 Jan 1967
65,Circuit Rd,370065,01 Jan 1967
68,Circuit Rd,370068,01 Jan 1969
70,Circuit Rd,370070,01 Jan 1969
71,Circuit Rd,370071,01 Jan 1969
72,Circuit Rd,370072,01 Jan 1969
51,Circuit Rd,370051,01 Jan 1969
52,Circuit Rd,370052,01 Jan 1969
37,Circuit Rd,370037,01 Nov 1972
87,Circuit Rd,370087,01 Jan 1970
91,Paya Lebar Way,370091,01 Sep 1972
92,Pipit Rd,370092,01 Apr 1997
93,Paya Lebar Way,370093,01 Sep 1972
95,Aljunied Cres,380095,01 Aug 1975
96,Aljunied Cres,380096,01 Jan 1979
97,Aljunied Cres,380097,01 Aug 1975
98,Aljunied Cres,380098,01 Aug 1975
101,Aljunied Cres,380101,01 Jan 1978
111,Aljunied Cres,380111,01 Jan 1978
115,Aljunied Ave 2,380115,01 Apr 1975
116,Aljunied Ave 2,380116,01 Apr 1975
121,Paya Lebar Way,381121,01 Aug 1980
123,Paya Lebar Way,381123,01 Aug 1980
112,Aljunied Cres,380112,01 Aug 1980
125,Aljunied Rd,380125,01 Oct 1983
54,Pipit Rd,370054,01 Mar 1985
102,Aljunied Cres,380102,01 Jan 1978
99,Aljunied Cres,380099,01 Jan 1978
122,Paya Lebar Way,381122,01 Aug 1980
120,Paya Lebar Way,381120,01 Aug 1980
124,Paya Lebar Way,381124,01 Aug 1980
126,Aljunied Rd,380126,01 Nov 1983
62,Circuit Rd,370062,01 Jan 1967
63,Circuit Rd,370063,01 Jan 1967
66,Circuit Rd,370066,01 Jan 1967
59,Circuit Rd,370059,01 Jan 1969
60,Circuit Rd,370060,01 Jan 1969
61,Circuit Rd,370061,01 Jan 1969
67,Circuit Rd,370067,01 Jan 1969
69,Circuit Rd,370069,01 Jan 1969
47,Circuit Rd,370047,01 Jan 1969
48,Circuit Rd,370048,01 Jan 1969
49,Circuit Rd,370049,01 Jan 1969
50,Circuit Rd,370050,01 Jan 1969
57,Circuit Rd,370057,01 Jan 1969
58,Circuit Rd,370058,01 Jan 1969
85,Circuit Rd,370085,01 Jan 1970
39,Circuit Rd,370039,01 Jan 1971
40,Circuit Rd,370040,01 Jan 1971
43,Circuit Rd,370043,01 Jan 1971
44,Circuit Rd,370044,01 Jan 1971
45,Circuit Rd,370045,01 Jan 1971
46,Circuit Rd,370046,01 Jan 1971
38,Circuit Rd,370038,01 Jan 1971
53,Pipit Rd,370053,01 Oct 1986
55,Pipit Rd,370055,01 Dec 1997
56,Pipit Rd,370056,01 Dec 1997
92A,Pipit Rd,371092,01 Sep 1997
11,Eunos Cres,400011,01 May 1977
16,Eunos Cres,400016,01 May 1977
17,Eunos Cres,400017,01 May 1977
20,Eunos Cres,400020,01 Jan 1982
25,Eunos Cres,400025,01 May 1977
9,Eunos Cres,400009,01 Jul 1978
10,Eunos Cres,400010,01 Jul 1978
327,Ubi Ave 1,400327,01 Oct 1985
344,Ubi Ave 1,400344,01 Aug 1985
325,Ubi Ave 1,400325,01 Oct 1985
326,Ubi Ave 1,400326,01 Apr 1986
342,Ubi Ave 1,400342,01 Oct 1985
350,Ubi Ave 1,400350,01 Dec 1985
18,Eunos Cres,400018,01 May 1977
19,Eunos Cres,400019,01 May 1977
21,Eunos Cres,400021,01 Jan 1982
24,Eunos Cres,400024,01 May 1977
13,Eunos Cres,400013,01 May 1977
14,Eunos Cres,400014,01 May 1977
15,Eunos Cres,400015,01 May 1977
22,Eunos Cres,400022,01 May 1977
23,Eunos Cres,400023,01 May 1977
323,Ubi Ave 1,400323,01 Jun 1985
324,Ubi Ave 1,400324,01 Jun 1985
343,Ubi Ave 1,400343,01 May 1986
345,Ubi Ave 1,400345,01 Oct 1985
346,Ubi Ave 1,400346,01 Feb 1986
347,Ubi Ave 1,400347,01 May 1986
348,Ubi Ave 1,400348,01 May 1986
349,Ubi Ave 1,400349,01 Jan 1986
338,Ubi Ave 1,400338,01 Mar 1986
339,Ubi Ave 1,400339,01 Jan 1986
341,Ubi Ave 1,400341,01 Sep 1985
318,Ubi Ave 1,400318,01 Jul 1985
319,Ubi Ave 1,400319,01 Jun 1985
320,Ubi Ave 1,400320,01 Jun 1985
331,Ubi Ave 1,400331,01 Feb 1986
332,Ubi Ave 1,400332,01 Sep 1985
333,Ubi Ave 1,400333,01 May 1986
334,Ubi Ave 1,400334,01 Jun 1986
335,Ubi Ave 1,400335,01 Oct 1985
317,Ubi Ave 1,400317,01 Dec 1985
321,Ubi Ave 1,400321,01 Aug 1985
322,Ubi Ave 1,400322,01 Oct 1985
328,Ubi Ave 1,400328,01 Oct 1985
329,Ubi Ave 1,400329,01 Nov 1985
330,Ubi Ave 1,400330,01 Dec 1985
336,Ubi Ave 1,400336,01 Feb 1986
337,Ubi Ave 1,400337,01 Dec 1985
340,Ubi Ave 1,400340,01 Jan 1986
351,Ubi Ave 1,400351,01 Dec 1988
352,Ubi Ave 1,400352,01 Feb 1989
31,Eunos Cres,400031,01 Jan 2007
34,Eunos Cres,400034,01 Nov 2006
35,Eunos Cres,400035,01 Nov 2006
36,Eunos Cres,400036,01 Dec 2006
20,Chai Chee Rd,461020,01 Jul 1972
21,Chai Chee Rd,461021,01 Jul 1972
25,Chai Chee Rd,460025,29 Apr 1993
26,Chai Chee Rd,460026,29 Apr 1993
32,Chai Chee Ave,461032,01 Jan 1974
59,Chai Chee Rd,460059,01 Jan 1984
61,Chai Chee Rd,460061,01 Sep 1982
55,Chai Chee Dr,460055,01 Apr 1984
62,Chai Chee Rd,460062,01 Oct 1983
103,Bedok Reservoir Rd,470103,01 Jun 1985
29,Chai Chee Ave,460029,01 Oct 1996
45,Chai Chee St,461045,01 May 1980
51,Chai Chee St,460051,01 Jun 1981
52,Chai Chee St,460052,01 Jun 1981
53,Chai Chee St,460053,01 Jun 1981
56,Chai Chee Dr,460056,01 Jan 1983
57,Chai Chee Dr,460057,01 Oct 1982
58,Chai Chee Dr,460058,01 Dec 1983
60,Chai Chee Rd,460060,01 Nov 1982
63,Chai Chee Rd,460063,01 Apr 1984
1,Chai Chee Rd,461001,01 Aug 1983
2,Chai Chee Rd,461002,01 Oct 1983
19,Chai Chee Rd,461019,01 Jul 1972
101,Bedok Reservoir Rd,470101,01 Jul 1985
102,Bedok Reservoir Rd,470102,01 Apr 1985
110,Lengkong Tiga,410110,01 Jan 1989
111,Lengkong Tiga,410111,01 Feb 1989
112,Lengkong Tiga,410112,01 Apr 1989
113,Lengkong Tiga,410113,01 Jan 1989
114,Lengkong Tiga,410114,01 Feb 1989
115,Lengkong Tiga,410115,01 May 1989
116,Lengkong Tiga,410116,01 Feb 1989
101,Lengkong Tiga,410101,01 Oct 1988
102,Lengkong Tiga,410102,01 Jul 1989
103,Lengkong Tiga,410103,01 Jan 1989
104,Lengkong Tiga,410104,01 Feb 1989
105,Lengkong Tiga,410105,01 Jan 1989
106,Lengkong Tiga,410106,01 Apr 1989
107,Lengkong Tiga,410107,01 Feb 1989
108,Lengkong Tiga,410108,01 Feb 1989
109,Lengkong Tiga,410109,01 Jan 1989
27,Chai Chee Rd,460027,29 Apr 1993
803,Chai Chee Rd,460803,29 Apr 1993
804,Chai Chee Rd,460804,29 Apr 1993
805,Chai Chee Rd,460805,29 Apr 1993
29A,Chai Chee Ave,461029,01 Oct 1996
10,Chai Chee Rd,467010,01 Feb 2001
11,Chai Chee Rd,460011,01 Feb 2001
36,Chai Chee Ave,461036,01 Jan 1974
37,Chai Chee Ave,461037,01 May 1983
18,Bedok Sth Rd,460018,01 Jan 1976
14,Bedok Sth Ave 2,460014,01 Dec 1995
9,Bedok Sth Ave 2,460009,29 Apr 1993
28,New Upp Changi Rd,460028,01 May 1977
29,New Upp Changi Rd,464029,01 May 1977
30,New Upp Changi Rd,461030,01 May 1977
60,New Upp Changi Rd,461060,01 Jul 1977
32,Bedok Sth Ave 2,460032,01 Mar 1978
33,Bedok Sth Ave 2,460033,01 Mar 1978
38,Bedok Sth Rd,460038,01 Sep 1978
39,Bedok Sth Rd,460039,01 Sep 1978
40,Bedok Sth Rd,460040,01 Sep 1978
56,New Upp Changi Rd,461056,01 May 1978
59,New Upp Changi Rd,461059,01 May 1978
79,Bedok Nth Rd,460079,01 Jun 1978
128,Bedok Nth St 2,460128,01 May 1978
129,Bedok Nth St 2,460129,01 May 1978
122,Bedok Nth St 2,460122,01 Mar 1978
24,New Upp Changi Rd,461024,01 Sep 1978
25,New Upp Changi Rd,462025,01 Jun 1974
26,New Upp Changi Rd,462026,01 Jun 1974
422,Bedok Nth Rd,460422,01 Jan 1979
416,Bedok Nth Ave 2,460416,01 Nov 1978
418,Bedok Nth Ave 2,460418,01 Nov 1978
423,Bedok Nth Ave 1,460423,01 Jan 1979
419,Bedok Nth St 1,460419,01 Jan 1979
420,Bedok Nth St 1,460420,01 Jan 1979
136,Bedok Nth Ave 3,460136,01 Jan 1979
125,Bedok Nth Rd,460125,01 May 1978
202,Bedok Nth St 1,460202,01 Jul 1979
203,Bedok Nth St 1,460203,01 Jul 1977
204,Bedok Nth St 1,460204,11 Jul 1979
205,Bedok Nth St 1,460205,11 Jul 1979
208,New Upp Changi Rd,460208,11 Jul 1979
210,New Upp Changi Rd,460210,01 Feb 1980
211,New Upp Changi Rd,460211,01 Feb 1980
213,Bedok Nth St 1,460213,01 Feb 1980
214,Bedok Nth St 1,460214,01 Feb 1980
217,Bedok Nth St 1,460217,01 Oct 1979
218,Bedok Nth St 1,460218,01 Feb 1980
41,Chai Chee St,461041,01 Jun 1985
42,Chai Chee St,461042,01 Jun 1985
43,Chai Chee St,461043,01 May 1980
409,Bedok Nth Ave 2,460409,01 Apr 1980
410,Bedok Nth Ave 2,460410,01 Apr 1980
407,Bedok Nth Ave 3,460407,01 Jul 1980
34,Bedok Sth Ave 2,460034,01 Sep 1977
35,Bedok Sth Ave 2,460035,01 Sep 1977
37,Bedok Sth Ave 2,460037,01 Sep 1977
3,Bedok Sth Ave 1,460003,01 Jan 1976
4,Bedok Sth Ave 1,460004,01 Jan 1976
23,Bedok Sth Ave 1,460023,01 May 1977
133,Bedok Nth Ave 3,460133,01 Apr 1978
15,Bedok Sth Rd,460015,01 Jan 1976
22,Bedok Sth Ave 1,460022,01 May 1977
27,New Upp Changi Rd,462027,01 Sep 1982
61,New Upp Changi Rd,461061,01 Jul 1977
36,Bedok Sth Ave 2,460036,01 Sep 1977
41,Bedok Sth Rd,460041,01 Sep 1977
42,Bedok Sth Rd,460042,01 Sep 1977
31,Bedok Sth Ave 2,460031,01 Mar 1978
78,Bedok Nth Rd,460078,01 Jun 1978
80,Bedok Nth Rd,460080,01 Jun 1978
134,Bedok Nth St 2,460134,01 May 1978
135,Bedok Nth St 2,460135,01 May 1978
126,Bedok Nth St 2,460126,01 May 1978
127,Bedok Nth St 2,460127,01 May 1978
130,Bedok Nth St 2,460130,01 Apr 1978
131,Bedok Nth Ave 3,460131,01 Apr 1978
132,Bedok Nth St 2,460132,01 Apr 1978
62,New Upp Changi Rd,461062,01 May 1978
63,New Upp Changi Rd,461063,01 May 1978
64,New Upp Changi Rd,460064,01 May 1978
65,New Upp Changi Rd,460065,01 May 1978
421,Bedok Nth Rd,460421,01 Jan 1979
417,Bedok Nth Ave 2,460417,01 Nov 1978
424,Bedok Nth Ave 1,460424,01 Jan 1979
137,Bedok Nth Ave 3,460137,01 Jan 1979
201,Bedok Nth St 1,460201,01 Jul 1979
408,Bedok Nth Ave 2,460408,01 Apr 1980
411,Bedok Nth Ave 2,460411,01 Apr 1980
405,Bedok Nth Ave 3,460405,01 Jul 1980
406,Bedok Nth Ave 3,460406,01 Jul 1980
1,Bedok Sth Ave 1,460001,01 Jan 1976
2,Bedok Sth Ave 1,460002,01 Jan 1976
5,Bedok Sth Ave 2,460005,01 Jan 1976
6,Bedok Sth Ave 2,460006,01 Jan 1976
7,Bedok Sth Ave 2,460007,01 Jan 1976
8,Bedok Sth Ave 2,460008,01 Jan 1976
40,Chai Chee Ave,461040,01 Jan 1974
33,Chai Chee Ave,461033,01 Jan 1975
34,Chai Chee Ave,461034,01 Jan 1975
35,Chai Chee Ave,461035,01 Jan 1975
10E,Bedok Sth Ave 2,464010,29 Apr 1993
10F,Bedok Sth Ave 2,465010,29 Apr 1993
10B,Bedok Sth Ave 2,461010,01 Dec 1995
10C,Bedok Sth Ave 2,462010,01 Dec 1995
10D,Bedok Sth Ave 2,463010,01 Dec 1995
180,Bedok Nth Rd,460180,01 Jan 2006
181,Bedok Nth Rd,460181,01 Jan 2006
185,Bedok Nth Rd,460185,01 Dec 2005
219A,Bedok Ctrl,461219,01 May 2010
219B,Bedok Ctrl,462219,01 May 2010
219C,Bedok Ctrl,463219,01 May 2010
219D,Bedok Ctrl,464219,01 May 2010
220A,Bedok Ctrl,461220,01 May 2010
220B,Bedok Ctrl,462220,01 May 2010
220C,Bedok Ctrl,463220,01 May 2010
221A,Bedok Ctrl,461221,01 May 2010
221B,Bedok Ctrl,462221,01 May 2010
221C,Bedok Ctrl,463221,01 May 2010
55,New Upp Changi Rd,461055,01 Jul 1977
71,Bedok Sth Rd,460071,01 Jan 1978
57,New Upp Changi Rd,461057,01 Oct 1985
76,Bedok Nth Rd,460076,01 Jan 1978
46,Bedok Sth Ave 3,460046,01 Sep 1978
44,Bedok Sth Rd,460044,01 Sep 1977
51,New Upp Changi Rd,461051,01 Sep 1977
169,Bedok Sth Ave 3,460169,01 Mar 1985
54,New Upp Changi Rd,461054,01 Jul 1977
43,Bedok Sth Rd,460043,01 Sep 1977
52,New Upp Changi Rd,461052,01 Sep 1977
53,New Upp Changi Rd,461053,01 Sep 1977
72,Bedok Sth Ave 3,460072,01 Sep 1978
74,Bedok Nth Rd,460074,01 Jan 1978
75,Bedok Nth Rd,460075,01 Jan 1978
77,Bedok Nth Rd,460077,01 Apr 1986
170,Bedok Sth Rd,460170,01 Jan 1986
171,Bedok Sth Rd,460171,01 Nov 1985
172,Bedok Sth Rd,460172,01 Nov 1985
182,Bedok Nth Rd,460182,01 Feb 2006
183,Bedok Nth Rd,460183,01 Dec 2005
